{
    "buttonText": "Submit",
    "questions": [
        {
            "id": "q01",
            "type": "fill-in",
            "questionText": "Enter all the assignment operators available in JavaScript.",
            "distractors": [],
            "correctResp": "=, +=, -=, *=, /=, %=, **=", 
            "feedback": {
                "noAnswer": "Please provide an answer first.",
                "correctAnswer": "Well done! That is the correct response.",
                "wrongAnswer": "Not quite. There are 7 total assignment operators."
            },
            "weight": 1
        },
        {
            "id": "q02",
            "type": "multi-choice",
            "questionText": "Which keyword is used to declare block-scoped variables?",
            "distractors": ["var", "const", "let", "no declaration keyword"],
            "correctResp": "let",
            "feedback": {
                "noAnswer": "Please provide an answer first.",
                "correctAnswer": "Well done! That is the correct response.",
                "wrongAnswer": "Sorry, that is inccorrect."
            },
            "weight": 1
        },
        {
            "id": "q03",
            "type": "true-false",
            "questionText": "When JavaScript reaches a return statement, the function will stop executing.",
            "distractors": ["true", "false"],
            "correctResp": "true",
            "feedback": {
                "noAnswer": "Please provide an answer first.",
                "correctAnswer": "Well done! That is the correct response.",
                "wrongAnswer": "Sorry, that is inccorrect."
            },
            "weight": 1
        },
        {
            "id": "q04",
            "type": "fill-in",
            "questionText": "What command returns a random number between 0 (inclusive),  and 1 (exclusive)?",
            "distractors": [],
            "correctResp": "Math.random()", 
            "feedback": {
                "noAnswer": "Please provide an answer first.",
                "correctAnswer": "Well done! That is the correct response.",
                "wrongAnswer": "Not quite. Try again."
            },
            "weight": 1
        }
    ]
}